{
  "steps": [
    {
      "obj_idx": 1,
      "obj_name": "obstacle_0",
      "start_pos": [
        0.48247389644384386,
        0.08743957281112671,
        0.72507599784334003925
      ],
      "start_quat": [
        0.9999999403953552,
        -8.266238182841334e-08,
        1.1493455076561077e-07,
        2.1426194507512264e-07
      ],
      "end_pos": [
        0.4875056236982346,
        -0.007003432512283331,
        0.72507763075728714466
      ],
      "end_quat": [
        0.9063381552696228,
        0.0031214493792504072,
        -0.42248818278312683,
        0.006716954056173563
      ],
      "target_start_pos": [
        0.6127347886562348,
        0.07971443831920624,
        0.72507599784408509731
      ],
      "target_start_quat": [
        0.9999999403953552,
        -2.5553663363098167e-07,
        -7.288185202014574e-07,
        1.6086525533864915e-07
      ],
      "target_end_pos": [
        0.6127349525690079,
        0.0797145277261734,
        0.72507599784445762634
      ],
      "target_end_quat": [
        1.0,
        3.0946728202252416e-07,
        1.1190727491339203e-06,
        3.124705756363255e-07
      ]
    },
    {
      "obj_idx": 0,
      "obj_name": "target",
      "start_pos": [
        0.6127349525690079,
        0.0797145277261734,
        0.72507599784445762634
      ],
      "start_quat": [
        1.0,
        3.0946728202252416e-07,
        1.1190727491339203e-06,
        3.124705756363255e-07
      ],
      "end_pos": [
        0.5142662540078163,
        0.08018673062324524,
        0.72507599784594774246
      ],
      "end_quat": [
        0.7071066498756409,
        0.7071061730384827,
        -0.0006796887028031051,
        -0.0006801696144975722
      ],
      "target_start_pos": [
        0.6127349525690079,
        0.0797145277261734,
        0.72507599784445762634
      ],
      "target_start_quat": [
        1.0,
        3.0946728202252416e-07,
        1.1190727491339203e-06,
        3.124705756363255e-07
      ],
      "target_end_pos": [
        0.5142662540078163,
        0.08018673062324524,
        0.72507599784594774246
      ],
      "target_end_quat": [
        0.7071066498756409,
        0.7071061730384827,
        -0.0006796887028031051,
        -0.0006801696144975722
      ]
    },
    {
      "obj_idx": 0,
      "obj_name": "target",
      "start_pos": [
        0.5142662540078163,
        0.08018673062324524,
        0.72507599784594774246
      ],
      "start_quat": [
        0.7071066498756409,
        0.7071061730384827,
        -0.0006796887028031051,
        -0.0006801696144975722
      ],
      "end_pos": [
        0.19032574594020846,
        0.08041008412837983,
        0.7250759876140654087
      ],
      "end_quat": [
        0.706558108329773,
        0.7076545357704163,
        0.0005958974361419678,
        0.0005041445838287473
      ],
      "target_start_pos": [
        0.5142662540078163,
        0.08018673062324524,
        0.72507599784594774246
      ],
      "target_start_quat": [
        0.7071066498756409,
        0.7071061730384827,
        -0.0006796887028031051,
        -0.0006801696144975722
      ],
      "target_end_pos": [
        0.19032574594020846,
        0.08041008412837983,
        0.7250759876140654087
      ],
      "target_end_quat": [
        0.706558108329773,
        0.7076545357704163,
        0.0005958974361419678,
        0.0005041445838287473
      ]
    }
  ],
  "frame": "robot_world",
  "BIN_EXIT_X": 0.4,
  "TABLE_TOP_Z": 0.72
}