
{
  "steps": [
    {
      "obj_idx": 0,
      "obj_name": "target",
      "start_pos": [
        0.5976,  0.0977,  1.2814
      ],
      "start_quat": [
        0.9995, 
        -0.0252,  
        0.0164,  
        0.0068
      ],
      "end_pos": [
        0.5976,  0.1977,  1.2814
      ],
      "end_quat": [
        0.9995, 
        -0.0252,  
        0.0164,  
        0.0068
      ],
      "target_start_pos": [
        0.25767437,
        0.42549953,
        0.79257939
      ],
      "target_start_quat": [
        -0.00964397,
        -0.00662045,
        0.99991871,
        -0.00507361
      ],
      "target_end_pos": [
        0.25767437,
        0.42549953,
        0.79257939
      ],
      "target_end_quat": [
        -0.00964397,
        -0.00662045,
        0.99991871,
        -0.00507361
      ]
    }
  ],
  "frame": "robot_world",
  "BIN_EXIT_X": 0.4,
  "TABLE_TOP_Z": 0.793
}
