{
  "steps": [
    {
      "obj_idx": 1,
      "obj_name": "obstacle_0",
      "start_pos": [
        0.1825,
        0.1874, 
        0.835
      ],
      "start_quat": [
        0.9999999403953552,
        -8.266238182841334e-08,
        1.1493455076561077e-07,
        2.1426194507512264e-07
      ],
      "end_pos": [
        0.1845, 
        0.0904, 
        0.835
      ],
      "end_quat": [
        0.9063381552696228,
        0.0031214493792504072,
        -0.42248818278312683,
        0.006716954056173563
      ]
    },
    {
      "obj_idx": 0,
      "obj_name": "target",
      "start_pos": [
        0.3127,  
        0.1797, 
        0.835
      ],
      "start_quat": [
        1.0,
        3.0946728202252416e-07,
        1.1190727491339203e-06,
        3.124705756363255e-07
      ],
      "end_pos": [
        0.0127,  
        0.1797, 
        0.835
      ],
      "end_quat": [
        1.0,
        3.0946728202252416e-07,
        1.1190727491339203e-06,
        3.124705756363255e-07
      ]
    }
  ]
}