{
  "env_config": {
    "BIN_W": 0.3,
    "BIN_D": 0.3,
    "BIN_H": 0.5,
    "WALL_T": 0.02,
    "OBJ_SIZE": 0.05,
    "OBJ_H": 0.025,
    "EXIT_Y": -0.05,
    "PUSHER_T": 0.012,
    "PUSHER_W": 0.044000000000000004,
    "friction": 1.2,
    "n_obstacles": 3
  },
  "initial_state": {
    "target_pos": [
      0.2296999990940094,
      0.2126999944448471,
      0.02500000037252903
    ],
    "target_quat": [
      1.0,
      0.0,
      0.0,
      0.0
    ],
    "obstacle_pos": [
      [
        0.23739999532699585,
        0.08250000327825546,
        0.02500000037252903
      ],
      [
        0.06080000102519989,
        0.07119999825954437,
        0.02500000037252903
      ],
      [
        0.07649999856948853,
        0.2094999998807907,
        0.02500000037252903
      ]
    ],
    "obstacle_quat": [
      [
        1.0,
        0.0,
        0.0,
        0.0
      ],
      [
        1.0,
        0.0,
        0.0,
        0.0
      ],
      [
        1.0,
        0.0,
        0.0,
        0.0
      ]
    ]
  },
  "actors": [
    {
      "type": "Box",
      "name": "target",
      "init_pos": [
        0.2296999990940094,
        0.2126999944448471,
        0.02500000037252903
      ],
      "init_ori": [
        0.0,
        0.0,
        0.0,
        1.0
      ],
      "size": [
        0.05,
        0.05,
        0.05
      ],
      "rho": 50.0,
      "friction": 1.2,
      "fixed": false,
      "color": [
        0.9,
        0.2,
        0.2
      ]
    },
    {
      "type": "Box",
      "name": "obstacle_0",
      "init_pos": [
        0.23739999532699585,
        0.08250000327825546,
        0.02500000037252903
      ],
      "init_ori": [
        0.0,
        0.0,
        0.0,
        1.0
      ],
      "size": [
        0.05,
        0.05,
        0.05
      ],
      "rho": 500.0,
      "friction": 1.2,
      "fixed": false,
      "color": [
        0.3,
        0.5,
        0.9
      ]
    },
    {
      "type": "Box",
      "name": "obstacle_1",
      "init_pos": [
        0.06080000102519989,
        0.07119999825954437,
        0.02500000037252903
      ],
      "init_ori": [
        0.0,
        0.0,
        0.0,
        1.0
      ],
      "size": [
        0.05,
        0.05,
        0.05
      ],
      "rho": 500.0,
      "friction": 1.2,
      "fixed": false,
      "color": [
        0.3,
        0.5,
        0.9
      ]
    },
    {
      "type": "Box",
      "name": "obstacle_2",
      "init_pos": [
        0.07649999856948853,
        0.2094999998807907,
        0.02500000037252903
      ],
      "init_ori": [
        0.0,
        0.0,
        0.0,
        1.0
      ],
      "size": [
        0.05,
        0.05,
        0.05
      ],
      "rho": 500.0,
      "friction": 1.2,
      "fixed": false,
      "color": [
        0.3,
        0.5,
        0.9
      ]
    },
    {
      "type": "Box",
      "name": "floor",
      "init_pos": [
        0.15,
        0.15,
        -0.01
      ],
      "init_ori": [
        0.0,
        0.0,
        0.0,
        1.0
      ],
      "size": [
        0.33999999999999997,
        0.33999999999999997,
        0.02
      ],
      "rho": 500.0,
      "friction": 1.2,
      "fixed": true,
      "color": [
        0.7,
        0.6,
        0.5
      ]
    },
    {
      "type": "Box",
      "name": "wall_north",
      "init_pos": [
        0.15,
        0.31,
        0.25
      ],
      "init_ori": [
        0.0,
        0.0,
        0.0,
        1.0
      ],
      "size": [
        0.33999999999999997,
        0.02,
        0.5
      ],
      "rho": 500.0,
      "friction": 1.2,
      "fixed": true,
      "color": [
        0.5,
        0.5,
        0.8
      ]
    },
    {
      "type": "Box",
      "name": "wall_west",
      "init_pos": [
        -0.01,
        0.15,
        0.25
      ],
      "init_ori": [
        0.0,
        0.0,
        0.0,
        1.0
      ],
      "size": [
        0.02,
        0.3,
        0.5
      ],
      "rho": 500.0,
      "friction": 1.2,
      "fixed": true,
      "color": [
        0.5,
        0.5,
        0.8
      ]
    },
    {
      "type": "Box",
      "name": "wall_east",
      "init_pos": [
        0.31,
        0.15,
        0.25
      ],
      "init_ori": [
        0.0,
        0.0,
        0.0,
        1.0
      ],
      "size": [
        0.02,
        0.3,
        0.5
      ],
      "rho": 500.0,
      "friction": 1.2,
      "fixed": true,
      "color": [
        0.5,
        0.5,
        0.8
      ]
    }
  ],
  "plan": [
    {
      "action_type": "push_e",
      "obj_idx": 0,
      "push_pos": [
        0.2296999990940094,
        0.2126999944448471
      ],
      "push_z": 0.025
    },
    {
      "action_type": "pull_s",
      "obj_idx": 0,
      "push_pos": [
        0.274599552154541,
        0.21286654472351074
      ],
      "push_z": 0.025
    }
  ],
  "steps": [
    {
      "obj_idx": 0,
      "obj_name": "target",
      "coordinate_frame": "isaaclab_local",
      "start_pos": [
        0.3126999944448471,
        0.1796999990940094,
        0.8350000003725291
      ],
      "start_quat": [
        1.0,
        0.0,
        0.0,
        0.0
      ],
      "end_pos": [
        0.31312922239303587,
        0.22461725473403932,
        0.8350003505498171
      ],
      "end_quat": [
        0.9999702572822571,
        -6.789538929297123e-06,
        -5.034609785070643e-06,
        -0.00770861329510808
      ],
      "target_start_pos": [
        0.3126999944448471,
        0.1796999990940094,
        0.8350000003725291
      ],
      "target_start_quat": [
        1.0,
        0.0,
        0.0,
        0.0
      ],
      "target_end_pos": [
        0.31312922239303587,
        0.22461725473403932,
        0.8350003505498171
      ],
      "target_end_quat": [
        0.9999702572822571,
        -6.789538929297123e-06,
        -5.034609785070643e-06,
        -0.00770861329510808
      ]
    },
    {
      "obj_idx": 0,
      "obj_name": "target",
      "coordinate_frame": "isaaclab_local",
      "start_pos": [
        0.31312922239303587,
        0.22461725473403932,
        0.8350003505498171
      ],
      "start_quat": [
        0.9999702572822571,
        -6.789538929297123e-06,
        -5.034609785070643e-06,
        -0.00770861329510808
      ],
      "end_pos": [
        -0.10100460946559905,
        0.22509185671806337,
        0.8349990541487933
      ],
      "end_quat": [
        0.9999998807907104,
        -4.8310434067388996e-05,
        -3.076349457842298e-05,
        0.0003872838569805026
      ],
      "target_start_pos": [
        0.31312922239303587,
        0.22461725473403932,
        0.8350003505498171
      ],
      "target_start_quat": [
        0.9999702572822571,
        -6.789538929297123e-06,
        -5.034609785070643e-06,
        -0.00770861329510808
      ],
      "target_end_pos": [
        -0.10100460946559905,
        0.22509185671806337,
        0.8349990541487933
      ],
      "target_end_quat": [
        0.9999998807907104,
        -4.8310434067388996e-05,
        -3.076349457842298e-05,
        0.0003872838569805026
      ]
    }
  ]
}