
{
  "steps": [
    {
      "obj_idx": 1,
      "obj_name": "obstacle_0",
      "start_pos": [
        0.1358, 
        0.423, 
        0.836
      ],
      "start_quat": [
        0.71371432,
        0.0107861,
        0.02184148,
        0.70001319
      ],
      "end_pos": [
        0.1358, 
        0.323, 
        0.836
      ],
      "end_quat": [
        0.9063381552696228,
        0.0031214493792504072,
        -0.42248818278312683,
        0.006716954056173563
      ],
      "target_start_pos": [
        0.25767437,
        0.42549953,
        0.79257939
      ],
      "target_start_quat": [
        -0.00964397,
        -0.00662045,
        0.99991871,
        -0.00507361
      ],
      "target_end_pos": [
        0.25767437,
        0.42549953,
        0.79257939
      ],
      "target_end_quat": [
        -0.00964397,
        -0.00662045,
        0.99991871,
        -0.00507361
      ]
    },
    {
      "obj_idx": 0,
      "obj_name": "target",
      "start_pos": [
        0.25767437,
        0.42549953,
        0.79257939
      ],
      "start_quat": [
        -0.00964397,
        -0.00662045,
        0.99991871,
        -0.00507361
      ],
      "end_pos": [
        0.15920567,
        0.42597173,
        0.79257939
      ],
      "end_quat": [
        0.7071066498756409,
        0.7071061730384827,
        -0.0006796887028031051,
        -0.0006801696144975722
      ],
      "target_start_pos": [
        0.25767437,
        0.42549953,
        0.79257939
      ],
      "target_start_quat": [
        -0.00964397,
        -0.00662045,
        0.99991871,
        -0.00507361
      ],
      "target_end_pos": [
        0.15920567,
        0.42597173,
        0.79257939
      ],
      "target_end_quat": [
        0.7071066498756409,
        0.7071061730384827,
        -0.0006796887028031051,
        -0.0006801696144975722
      ]
    },
    {
      "obj_idx": 0,
      "obj_name": "target",
      "start_pos": [
        0.15920567,
        0.42597173,
        0.79257939
      ],
      "start_quat": [
        0.7071066498756409,
        0.7071061730384827,
        -0.0006796887028031051,
        -0.0006801696144975722
      ],
      "end_pos": [
        -0.16473484,
        0.42619509,
        0.79257938
      ],
      "end_quat": [
        0.706558108329773,
        0.7076545357704163,
        0.0005958974361419678,
        0.0005041445838287473
      ],
      "target_start_pos": [
        0.15920567,
        0.42597173,
        0.79257939
      ],
      "target_start_quat": [
        0.7071066498756409,
        0.7071061730384827,
        -0.0006796887028031051,
        -0.0006801696144975722
      ],
      "target_end_pos": [
        -0.16473484,
        0.42619509,
        0.79257938
      ],
      "target_end_quat": [
        0.706558108329773,
        0.7076545357704163,
        0.0005958974361419678,
        0.0005041445838287473
      ]
    }
  ],
  "frame": "robot_world",
  "BIN_EXIT_X": 0.4,
  "TABLE_TOP_Z": 0.793
}
