
{
  "steps": [
    {
      "obj_idx": 1,
      "obj_name": "obstacle_0",
      "start_pos": [
        0.1684, 0.2527,  0.8003
      ],
      "start_quat": [
        0.9995, 
        -0.0252,  
        0.0164,  
        0.0068
      ],
      "end_pos": [
        0.1684, 0.3027,  0.8003
      ],
      "end_quat": [
        0.9995, 
        -0.0252,  
        0.0164,  
        0.0068
      ],
      "target_start_pos": [
        0.25767437,
        0.42549953,
        0.79257939
      ],
      "target_start_quat": [
        -0.00964397,
        -0.00662045,
        0.99991871,
        -0.00507361
      ],
      "target_end_pos": [
        0.25767437,
        0.42549953,
        0.79257939
      ],
      "target_end_quat": [
        -0.00964397,
        -0.00662045,
        0.99991871,
        -0.00507361
      ]
    },
    {
      "obj_idx": 0,
      "obj_name": "target",
      "start_pos": [
        0.3008,  0.2667,  0.7966
      ],
      "start_quat": [
        0.7172, 
        -0.0166, 
        -0.6966,  
        0.0035
      ],
      "end_pos": [
        0.3008,  0.2067,  0.7966
      ],
      "end_quat": [
        0.7172, 
        -0.0166, 
        -0.6966,  
        0.0035
      ],
      "target_start_pos": [
        0.25767437,
        0.42549953,
        0.79257939
      ],
      "target_start_quat": [
        -0.00964397,
        -0.00662045,
        0.99991871,
        -0.00507361
      ],
      "target_end_pos": [
        0.15920567,
        0.42597173,
        0.79257939
      ],
      "target_end_quat": [
        0.7071066498756409,
        0.7071061730384827,
        -0.0006796887028031051,
        -0.0006801696144975722
      ]
    }
  ],
  "frame": "robot_world",
  "BIN_EXIT_X": 0.4,
  "TABLE_TOP_Z": 0.793
}
