{
  "env_config": {
    "BIN_W": 0.45000000000000007,
    "BIN_D": 0.45000000000000007,
    "BIN_H": 0.5,
    "WALL_T": 0.25,
    "OBJ_SIZE": 0.05,
    "OBJ_H": 0.025,
    "EXIT_Y": -0.05,
    "PUSHER_T": 0.012,
    "PUSHER_W": 0.044000000000000004,
    "friction": 1.0,
    "n_obstacles": 2
  },
  "initial_state": {
    "target_pos": [
      0.1080000028014183,
      0.12999999523162842,
      0.07500000298023224
    ],
    "target_quat": [
      1.0,
      0.0,
      0.0,
      0.0
    ],
    "obstacle_pos": [
      [
        0.1080000028014183,
        0.12999999523162842,
        0.02500000037252903
      ],
      [
        0.1080000028014183,
        0.12999999523162842,
        0.125
      ]
    ],
    "obstacle_quat": [
      [
        1.0,
        0.0,
        0.0,
        0.0
      ],
      [
        1.0,
        0.0,
        0.0,
        0.0
      ]
    ]
  },
  "actors": [
    {
      "type": "Box",
      "name": "target",
      "init_pos": [
        0.1080000028014183,
        0.12999999523162842,
        0.07500000298023224
      ],
      "init_ori": [
        0.0,
        0.0,
        0.0,
        1.0
      ],
      "size": [
        0.05,
        0.05,
        0.05
      ],
      "rho": 50.0,
      "friction": 1.0,
      "fixed": false,
      "color": [
        0.9,
        0.2,
        0.2
      ]
    },
    {
      "type": "Box",
      "name": "obstacle_0",
      "init_pos": [
        0.1080000028014183,
        0.12999999523162842,
        0.02500000037252903
      ],
      "init_ori": [
        0.0,
        0.0,
        0.0,
        1.0
      ],
      "size": [
        0.05,
        0.05,
        0.05
      ],
      "rho": 500.0,
      "friction": 1.0,
      "fixed": false,
      "color": [
        0.3,
        0.5,
        0.9
      ]
    },
    {
      "type": "Box",
      "name": "obstacle_1",
      "init_pos": [
        0.1080000028014183,
        0.12999999523162842,
        0.125
      ],
      "init_ori": [
        0.0,
        0.0,
        0.0,
        1.0
      ],
      "size": [
        0.05,
        0.05,
        0.05
      ],
      "rho": 500.0,
      "friction": 1.0,
      "fixed": false,
      "color": [
        0.3,
        0.5,
        0.9
      ]
    },
    {
      "type": "Box",
      "name": "floor",
      "init_pos": [
        0.22500000000000003,
        0.22500000000000003,
        -0.125
      ],
      "init_ori": [
        0.0,
        0.0,
        0.0,
        1.0
      ],
      "size": [
        0.9500000000000001,
        0.9500000000000001,
        0.25
      ],
      "rho": 500.0,
      "friction": 1.0,
      "fixed": true,
      "color": [
        0.7,
        0.6,
        0.5
      ]
    },
    {
      "type": "Box",
      "name": "wall_north",
      "init_pos": [
        0.22500000000000003,
        0.5750000000000001,
        0.25
      ],
      "init_ori": [
        0.0,
        0.0,
        0.0,
        1.0
      ],
      "size": [
        0.9500000000000001,
        0.25,
        0.5
      ],
      "rho": 500.0,
      "friction": 1.0,
      "fixed": true,
      "color": [
        0.5,
        0.5,
        0.8
      ]
    },
    {
      "type": "Box",
      "name": "wall_west",
      "init_pos": [
        -0.125,
        0.22500000000000003,
        0.25
      ],
      "init_ori": [
        0.0,
        0.0,
        0.0,
        1.0
      ],
      "size": [
        0.25,
        0.45000000000000007,
        0.5
      ],
      "rho": 500.0,
      "friction": 1.0,
      "fixed": true,
      "color": [
        0.5,
        0.5,
        0.8
      ]
    },
    {
      "type": "Box",
      "name": "wall_east",
      "init_pos": [
        0.5750000000000001,
        0.22500000000000003,
        0.25
      ],
      "init_ori": [
        0.0,
        0.0,
        0.0,
        1.0
      ],
      "size": [
        0.25,
        0.45000000000000007,
        0.5
      ],
      "rho": 500.0,
      "friction": 1.0,
      "fixed": true,
      "color": [
        0.5,
        0.5,
        0.8
      ]
    }
  ],
  "plan": [
    {
      "action_type": "push_e",
      "obj_idx": 0,
      "push_pos": [
        0.1080000028014183,
        0.12999999523162842
      ],
      "push_z": 0.07500000000000001
    },
    {
      "action_type": "pull_s",
      "obj_idx": 0,
      "push_pos": [
        0.19040966033935547,
        0.12976932525634766
      ],
      "push_z": 0.025
    }
  ],
  "steps": [
    {
      "obj_idx": 0,
      "obj_name": "target",
      "coordinate_frame": "isaaclab_local",
      "start_pos": [
        0.22999999523162842,
        -0.1419999971985817,
        0.8850000029802323
      ],
      "start_quat": [
        1.0,
        0.0,
        0.0,
        0.0
      ],
      "end_pos": [
        0.23242565095424653,
        0.14417448341846467,
        0.8350002872198821
      ],
      "end_quat": [
        0.7070946097373962,
        -0.0011267821537330747,
        0.7071171402931213,
        0.0011150212958455086
      ],
      "target_start_pos": [
        0.22999999523162842,
        -0.1419999971985817,
        0.8850000029802323
      ],
      "target_start_quat": [
        1.0,
        0.0,
        0.0,
        0.0
      ],
      "target_end_pos": [
        0.23242565095424653,
        0.14417448341846467,
        0.8350002872198821
      ],
      "target_end_quat": [
        0.7070946097373962,
        -0.0011267821537330747,
        0.7071171402931213,
        0.0011150212958455086
      ]
    },
    {
      "obj_idx": 0,
      "obj_name": "target",
      "coordinate_frame": "isaaclab_local",
      "start_pos": [
        0.23242565095424653,
        0.14417448341846467,
        0.8350002872198821
      ],
      "start_quat": [
        0.7070946097373962,
        -0.0011267821537330747,
        0.7071171402931213,
        0.0011150212958455086
      ],
      "end_pos": [
        -0.10100249350070953,
        0.1442453980445862,
        0.8350002853572369
      ],
      "end_quat": [
        0.7070950865745544,
        -0.00013702960859518498,
        0.7071183919906616,
        0.0001253140071639791
      ],
      "target_start_pos": [
        0.23242565095424653,
        0.14417448341846467,
        0.8350002872198821
      ],
      "target_start_quat": [
        0.7070946097373962,
        -0.0011267821537330747,
        0.7071171402931213,
        0.0011150212958455086
      ],
      "target_end_pos": [
        -0.10100249350070953,
        0.1442453980445862,
        0.8350002853572369
      ],
      "target_end_quat": [
        0.7070950865745544,
        -0.00013702960859518498,
        0.7071183919906616,
        0.0001253140071639791
      ]
    }
  ]
}