{
  "env_config": {
    "BIN_W": 0.3,
    "BIN_D": 0.3,
    "BIN_H": 0.15,
    "WALL_T": 0.02,
    "OBJ_SIZE": 0.08,
    "OBJ_H": 0.04,
    "EXIT_Y": -0.05,
    "PUSHER_T": 0.012,
    "PUSHER_W": 0.0704,
    "friction": 1.2,
    "n_obstacles": 3
  },
  "initial_state": {
    "target_pos": [
      0.22971448302268982,
      0.2127348929643631,
      0.039978448301553726
    ],
    "target_quat": [
      1.0,
      -1.91138587979367e-06,
      7.06759578861238e-07,
      7.931150847184654e-09
    ],
    "obstacle_pos": [
      [
        0.23743963241577148,
        0.08247379958629608,
        0.039978474378585815
      ],
      [
        0.06075427681207657,
        0.07121061533689499,
        0.039978381246328354
      ],
      [
        0.07650413364171982,
        0.20947794616222382,
        0.03997842222452164
      ]
    ],
    "obstacle_quat": [
      [
        1.0,
        1.9981168861704646e-06,
        5.965586069578421e-07,
        1.0671873695855538e-07
      ],
      [
        0.9999999403953552,
        -9.629470696381759e-07,
        1.4919796740286984e-06,
        1.0401194572295935e-07
      ],
      [
        0.9999999403953552,
        -1.365122670904384e-06,
        1.202188286697492e-07,
        -3.3717764580387666e-08
      ]
    ]
  },
  "actors": [
    {
      "type": "Box",
      "name": "target",
      "init_pos": [
        0.22971448302268982,
        0.2127348929643631,
        0.039978448301553726
      ],
      "init_ori": [
        0.0,
        0.0,
        0.0,
        1.0
      ],
      "size": [
        0.08,
        0.08,
        0.08
      ],
      "rho": 50.0,
      "friction": 1.2,
      "fixed": false,
      "color": [
        0.9,
        0.2,
        0.2
      ]
    },
    {
      "type": "Box",
      "name": "obstacle_0",
      "init_pos": [
        0.23743963241577148,
        0.08247379958629608,
        0.039978474378585815
      ],
      "init_ori": [
        0.0,
        0.0,
        0.0,
        1.0
      ],
      "size": [
        0.08,
        0.08,
        0.08
      ],
      "rho": 500.0,
      "friction": 1.2,
      "fixed": false,
      "color": [
        0.3,
        0.5,
        0.9
      ]
    },
    {
      "type": "Box",
      "name": "obstacle_1",
      "init_pos": [
        0.06075427681207657,
        0.07121061533689499,
        0.039978381246328354
      ],
      "init_ori": [
        0.0,
        0.0,
        0.0,
        1.0
      ],
      "size": [
        0.08,
        0.08,
        0.08
      ],
      "rho": 500.0,
      "friction": 1.2,
      "fixed": false,
      "color": [
        0.3,
        0.5,
        0.9
      ]
    },
    {
      "type": "Box",
      "name": "obstacle_2",
      "init_pos": [
        0.07650413364171982,
        0.20947794616222382,
        0.03997842222452164
      ],
      "init_ori": [
        0.0,
        0.0,
        0.0,
        1.0
      ],
      "size": [
        0.08,
        0.08,
        0.08
      ],
      "rho": 500.0,
      "friction": 1.2,
      "fixed": false,
      "color": [
        0.3,
        0.5,
        0.9
      ]
    },
    {
      "type": "Box",
      "name": "floor",
      "init_pos": [
        0.15,
        0.15,
        -0.01
      ],
      "init_ori": [
        0.0,
        0.0,
        0.0,
        1.0
      ],
      "size": [
        0.33999999999999997,
        0.33999999999999997,
        0.02
      ],
      "rho": 500.0,
      "friction": 1.2,
      "fixed": true,
      "color": [
        0.7,
        0.6,
        0.5
      ]
    },
    {
      "type": "Box",
      "name": "wall_north",
      "init_pos": [
        0.15,
        0.31,
        0.075
      ],
      "init_ori": [
        0.0,
        0.0,
        0.0,
        1.0
      ],
      "size": [
        0.33999999999999997,
        0.02,
        0.15
      ],
      "rho": 500.0,
      "friction": 1.2,
      "fixed": true,
      "color": [
        0.5,
        0.5,
        0.8
      ]
    },
    {
      "type": "Box",
      "name": "wall_west",
      "init_pos": [
        -0.01,
        0.15,
        0.075
      ],
      "init_ori": [
        0.0,
        0.0,
        0.0,
        1.0
      ],
      "size": [
        0.02,
        0.3,
        0.15
      ],
      "rho": 500.0,
      "friction": 1.2,
      "fixed": true,
      "color": [
        0.5,
        0.5,
        0.8
      ]
    },
    {
      "type": "Box",
      "name": "wall_east",
      "init_pos": [
        0.31,
        0.15,
        0.075
      ],
      "init_ori": [
        0.0,
        0.0,
        0.0,
        1.0
      ],
      "size": [
        0.02,
        0.3,
        0.15
      ],
      "rho": 500.0,
      "friction": 1.2,
      "fixed": true,
      "color": [
        0.5,
        0.5,
        0.8
      ]
    }
  ],
  "plan": [
    {
      "action_type": "push_n",
      "obj_idx": 3,
      "push_pos": [
        0.07650413364171982,
        0.20947794616222382
      ],
      "push_z": 0.04
    },
    {
      "action_type": "push_e",
      "obj_idx": 1,
      "push_pos": [
        0.23744013905525208,
        0.08247419446706772
      ],
      "push_z": 0.04
    },
    {
      "action_type": "push_n",
      "obj_idx": 0,
      "push_pos": [
        0.2297147959470749,
        0.21273519098758698
      ],
      "push_z": 0.04
    },
    {
      "action_type": "pull_s",
      "obj_idx": 0,
      "push_pos": [
        0.22937671840190887,
        0.1861242651939392
      ],
      "push_z": 0.04
    }
  ],
  "steps": [
    {
      "obj_idx": 1,
      "obj_name": "obstacle_0",
      "start_pos": [
        0.1825,
        0.1874, 
        0.835
      ],
      "start_quat": [
        0.9999999403953552,
        -8.266238182841334e-08,
        1.1493455076561077e-07,
        2.1426194507512264e-07
      ],
      "end_pos": [
        0.1845, 
        0.0904, 
        0.835
      ],
      "end_quat": [
        0.9063381552696228,
        0.0031214493792504072,
        -0.42248818278312683,
        0.006716954056173563
      ],
      "target_start_pos": [
        0.22971443831920624,
        0.21273478865623474,
        0.03997844085097313
      ],
      "target_start_quat": [
        0.9999999403953552,
        -2.5553663363098167e-07,
        -7.288185202014574e-07,
        1.6086525533864915e-07
      ],
      "target_end_pos": [
        0.2297145277261734,
        0.21273495256900787,
        0.03997844457626343
      ],
      "target_end_quat": [
        1.0,
        3.0946728202252416e-07,
        1.1190727491339203e-06,
        3.124705756363255e-07
      ]
    },
    {
      "obj_idx": 0,
      "obj_name": "target",
      "start_pos": [
        0.3127,  
        0.1797, 
        0.835
      ],
      "start_quat": [
        1.0,
        3.0946728202252416e-07,
        1.1190727491339203e-06,
        3.124705756363255e-07
      ],
      "end_pos": [
        0.0127,  
        0.1797, 
        0.835
      ],
      "end_quat": [
        1.0,
        3.0946728202252416e-07,
        1.1190727491339203e-06,
        3.124705756363255e-07
      ],
      "target_start_pos": [
        0.5127,  
        0.1797, 
        0.835
      ],
      "target_start_quat": [
        1.0,
        3.0946728202252416e-07,
        1.1190727491339203e-06,
        3.124705756363255e-07
      ],
      "target_end_pos": [
        0.2127,  
        0.1797, 
        0.835
      ],
      "target_end_quat": [
        1.0,
        3.0946728202252416e-07,
        1.1190727491339203e-06,
        3.124705756363255e-07
      ]
    }
  ]
}